#start,A Run Down Hutt,,,,
7/06/18,10:11:21,132,-43.489889,171.537634,1802.69
7/06/18,10:11:22,156,-43.489887,171.537676,1800.69
7/06/18,10:11:23,154,-43.489887,171.537725,1799.49